trial_id,trial_name,failed,catboost_eval_metric,ranking_metric,threshold_mode,class_weights,iterations,learning_rate,depth,l2_leaf_reg,random_strength,border_count,valid_threshold,valid_auroc,valid_auprc,valid_accuracy,valid_balanced_accuracy,valid_precision,valid_recall,valid_specificity,valid_f1,valid_tn,valid_fp,valid_fn,valid_tp,test_threshold,test_auroc,test_auprc,test_accuracy,test_balanced_accuracy,test_precision,test_recall,test_specificity,test_f1,test_tn,test_fp,test_fn,test_tp,valid_f1_threshold,valid_best_f1_at_threshold,best_iteration,best_score
29,trial_029,False,F1,auroc,0.5,"{0: 0.5774111675126904, 1: 3.7295081967213113}",1000,0.03,4,5.0,5.0,254,0.5,0.8532014575741801,0.5193896599638126,0.7769230769230769,0.7967204580947422,0.35,0.8235294117647058,0.7699115044247787,0.49122807017543857,87,26,3,14,0.5,0.745322376738306,0.28551929310195,0.7394636015325671,0.6926042983565107,0.2857142857142857,0.6285714285714286,0.7566371681415929,0.39285714285714285,171,55,13,22,0.51,0.5454545454545454,3,"{'learn': {'Logloss': 0.4978958578019318, 'F1': 0.9005262880638347}, 'validation': {'Logloss': 0.5875773115106105, 'F1': 0.7994202878330906}}"
39,trial_039,False,F1,auroc,0.5,"{0: 0.5774111675126904, 1: 3.7295081967213113}",500,0.03,4,5.0,5.0,254,0.5,0.8532014575741801,0.5193896599638126,0.7769230769230769,0.7967204580947422,0.35,0.8235294117647058,0.7699115044247787,0.49122807017543857,87,26,3,14,0.5,0.745322376738306,0.28551929310195,0.7394636015325671,0.6926042983565107,0.2857142857142857,0.6285714285714286,0.7566371681415929,0.39285714285714285,171,55,13,22,0.51,0.5454545454545454,3,"{'learn': {'Logloss': 0.4978958578019318, 'F1': 0.9005262880638347}, 'validation': {'Logloss': 0.5875773115106105, 'F1': 0.7994202878330906}}"
4,trial_004,False,F1,auroc,0.5,"{0: 0.5774111675126904, 1: 3.7295081967213113}",1000,0.01,8,1.0,1.0,254,0.5,0.8474752732951587,0.38312296832816767,0.8153846153846154,0.7438833940655909,0.3793103448275862,0.6470588235294118,0.8407079646017699,0.4782608695652174,95,18,6,11,0.5,0.7757269279393173,0.2739869633448066,0.789272030651341,0.6127054361567636,0.2826086956521739,0.37142857142857144,0.8539823008849557,0.32098765432098764,193,33,22,13,0.41000000000000003,0.48484848484848486,28,"{'learn': {'Logloss': 0.3004935777996849, 'F1': 0.9968374445859004}, 'validation': {'Logloss': 0.576521435157945, 'F1': 0.7145919194338123}}"
3,trial_003,False,F1,auroc,0.5,"{0: 0.5774111675126904, 1: 3.7295081967213113}",500,0.05,4,3.0,5.0,254,0.5,0.8412285268089537,0.4459602255420388,0.8076923076923077,0.81441957313899,0.3888888888888889,0.8235294117647058,0.8053097345132744,0.5283018867924528,91,22,3,14,0.5,0.7618204804045512,0.2563138905628375,0.7394636015325671,0.704677623261694,0.2911392405063291,0.6571428571428571,0.7522123893805309,0.40350877192982454,170,56,12,23,0.52,0.55,10,"{'learn': {'Logloss': 0.40582916552121373, 'F1': 0.9288090208521683}, 'validation': {'Logloss': 0.5629191910990303, 'F1': 0.8138093815258556}}"
26,trial_026,False,F1,auroc,0.5,"{0: 0.5774111675126904, 1: 3.7295081967213113}",1000,0.01,4,3.0,5.0,254,0.5,0.8407079646017699,0.45909871335318253,0.8307692307692308,0.8027069234773555,0.41935483870967744,0.7647058823529411,0.8407079646017699,0.5416666666666666,95,18,4,13,0.5,0.7537294563843236,0.2547874463185954,0.735632183908046,0.6783185840707964,0.27631578947368424,0.6,0.7566371681415929,0.3783783783783784,171,55,14,21,0.5,0.5416666666666666,9,"{'learn': {'Logloss': 0.6077162243196452, 'F1': 0.8917571481540694}, 'validation': {'Logloss': 0.6453561915154076, 'F1': 0.79300201121206}}"
19,trial_019,False,F1,auroc,0.5,"{0: 0.5774111675126904, 1: 3.7295081967213113}",1000,0.03,8,1.0,1.0,128,0.5,0.8396668401874023,0.4224566859353597,0.7538461538461538,0.7834461218115565,0.32558139534883723,0.8235294117647058,0.7433628318584071,0.4666666666666667,84,29,3,14,0.5,0.6979140328697852,0.2324520653507538,0.6475095785440613,0.663653603034134,0.22857142857142856,0.6857142857142857,0.6415929203539823,0.34285714285714286,145,81,11,24,0.5,0.4666666666666667,0,"{'learn': {'Logloss': 0.16737454824204656, 'F1': 1.0}, 'validation': {'Logloss': 0.5926471734874654, 'F1': 0.73013666709097}}"
22,trial_022,False,F1,auroc,0.5,"{0: 0.5774111675126904, 1: 3.7295081967213113}",1000,0.05,8,1.0,1.0,128,0.5,0.8396668401874023,0.4224566859353597,0.7538461538461538,0.7834461218115565,0.32558139534883723,0.8235294117647058,0.7433628318584071,0.4666666666666667,84,29,3,14,0.5,0.6979140328697852,0.2324520653507538,0.6475095785440613,0.663653603034134,0.22857142857142856,0.6857142857142857,0.6415929203539823,0.34285714285714286,145,81,11,24,0.51,0.4888888888888889,0,"{'learn': {'Logloss': 0.08312495644426543, 'F1': 1.0}, 'validation': {'Logloss': 0.6066279394012145, 'F1': 0.73013666709097}}"
31,trial_031,False,F1,auroc,0.5,"{0: 0.5774111675126904, 1: 3.7295081967213113}",500,0.01,4,1.0,5.0,254,0.5,0.8375845913586673,0.4214876599034738,0.7615384615384615,0.8128578865174388,0.3409090909090909,0.8823529411764706,0.7433628318584071,0.4918032786885246,84,29,2,15,0.5,0.770353982300885,0.36166599210732164,0.735632183908046,0.7266118836915297,0.2976190476190476,0.7142857142857143,0.7389380530973452,0.42016806722689076,167,59,10,25,0.5,0.4918032786885246,3,"{'learn': {'Logloss': 0.6072277414597628, 'F1': 0.9051618913703264}, 'validation': {'Logloss': 0.6508408051690776, 'F1': 0.8221464817411323}}"
12,trial_012,False,F1,auroc,0.5,"{0: 0.5774111675126904, 1: 3.7295081967213113}",500,0.05,6,3.0,1.0,254,0.5,0.8334200937011973,0.3791422001614526,0.8,0.7600208224882874,0.36363636363636365,0.7058823529411765,0.8141592920353983,0.48,92,21,5,12,0.5,0.7955752212389381,0.3276527401615872,0.7624521072796935,0.6575853350189633,0.2857142857142857,0.5142857142857142,0.8008849557522124,0.3673469387755102,181,45,17,18,0.46,0.49056603773584906,12,"{'learn': {'Logloss': 0.1635894831104529, 'F1': 0.9911949683613854}, 'validation': {'Logloss': 0.5560231096861836, 'F1': 0.7441567623373475}}"
17,trial_017,False,F1,auroc,0.5,"{0: 0.5774111675126904, 1: 3.7295081967213113}",500,0.01,4,3.0,1.0,254,0.5,0.8302967204580948,0.42176860581058867,0.7538461538461538,0.8084331077563769,0.3333333333333333,0.8823529411764706,0.7345132743362832,0.4838709677419355,83,30,2,15,0.5,0.7977243994943111,0.2747964139971121,0.7394636015325671,0.7891908975979772,0.3225806451612903,0.8571428571428571,0.7212389380530974,0.46875,163,63,5,30,0.51,0.5098039215686274,7,"{'learn': {'Logloss': 0.5262254975991578, 'F1': 0.8361364518513053}, 'validation': {'Logloss': 0.5652769778204694, 'F1': 0.8186729441078016}}"
1,trial_001,False,F1,auroc,0.5,"{0: 0.5774111675126904, 1: 3.7295081967213113}",1000,0.03,4,1.0,5.0,128,0.5,0.8302967204580947,0.3624897674693656,0.8,0.8099947943779282,0.3783783783783784,0.8235294117647058,0.7964601769911505,0.5185185185185185,90,23,3,14,0.5,0.7615676359039191,0.25902970230226063,0.7432950191570882,0.670670037926675,0.2777777777777778,0.5714285714285714,0.7699115044247787,0.37383177570093457,174,52,15,20,0.51,0.5306122448979592,10,"{'learn': {'Logloss': 0.4694093811088871, 'F1': 0.9206342854177839}, 'validation': {'Logloss': 0.5909038241242384, 'F1': 0.8101637640438085}}"
0,trial_000,False,F1,auroc,0.5,"{0: 0.5774111675126904, 1: 3.7295081967213113}",500,0.03,4,1.0,1.0,128,0.5,0.8227485684539302,0.4029248908865872,0.7461538461538462,0.8040083289953149,0.32608695652173914,0.8823529411764706,0.7256637168141593,0.47619047619047616,82,31,2,15,0.5,0.8042983565107459,0.2821283394382815,0.7394636015325671,0.7650442477876107,0.3146067415730337,0.8,0.7300884955752213,0.45161290322580644,165,61,7,28,0.5,0.47619047619047616,1,"{'learn': {'Logloss': 0.3898006776800095, 'F1': 0.8999759544029178}, 'validation': {'Logloss': 0.5443482910966404, 'F1': 0.8152286341177134}}"
21,trial_021,False,F1,auroc,0.5,"{0: 0.5774111675126904, 1: 3.7295081967213113}",1000,0.01,6,3.0,1.0,128,0.5,0.8183237896928682,0.3589571913559146,0.8,0.8349817803227486,0.38461538461538464,0.8823529411764706,0.7876106194690266,0.5357142857142857,89,24,2,15,0.5,0.8103666245259165,0.29674552798384307,0.7509578544061303,0.747534766118837,0.3170731707317073,0.7428571428571429,0.7522123893805309,0.4444444444444444,170,56,9,26,0.5,0.5357142857142857,16,"{'learn': {'Logloss': 0.44760428732023194, 'F1': 0.9196128221128518}, 'validation': {'Logloss': 0.5664825829204367, 'F1': 0.8399658877868605}}"
6,trial_006,False,F1,auroc,0.5,"{0: 0.5774111675126904, 1: 3.7295081967213113}",500,0.05,4,1.0,1.0,254,0.5,0.8159812597605414,0.3382057759005103,0.7461538461538462,0.8040083289953149,0.32608695652173914,0.8823529411764706,0.7256637168141593,0.47619047619047616,82,31,2,15,0.5,0.7941213653603034,0.2709124774890449,0.7203065134099617,0.7781289506953224,0.30612244897959184,0.8571428571428571,0.6991150442477876,0.45112781954887216,158,68,5,30,0.54,0.5098039215686274,4,"{'learn': {'Logloss': 0.30453535149910493, 'F1': 0.9366085566989025}, 'validation': {'Logloss': 0.5203831226538054, 'F1': 0.8152286341177134}}"
10,trial_010,False,F1,auroc,0.5,"{0: 0.5774111675126904, 1: 3.7295081967213113}",1000,0.03,6,1.0,1.0,128,0.5,0.8141592920353982,0.42130436677206207,0.7769230769230769,0.8217074440395626,0.35714285714285715,0.8823529411764706,0.7610619469026548,0.5084745762711864,86,27,2,15,0.5,0.7741466498103666,0.27598154846226486,0.7318007662835249,0.736472819216182,0.2988505747126437,0.7428571428571429,0.7300884955752213,0.4262295081967213,165,61,9,26,0.5,0.5084745762711864,0,"{'learn': {'Logloss': 0.2681087889318174, 'F1': 0.9717389748282522}, 'validation': {'Logloss': 0.5754777291204769, 'F1': 0.8363404777422161}}"
