trial_id,trial_name,failed,selection_metric,threshold_mode,input_embed_dim,num_attn_blocks,num_heads,attn_dropout,ff_dropout,batch_size,lr,weight_decay,max_epochs,early_stopping_patience,valid_threshold,valid_auroc,valid_auprc,valid_accuracy,valid_balanced_accuracy,valid_precision,valid_recall,valid_specificity,valid_f1,valid_tn,valid_fp,valid_fn,valid_tp,test_threshold,test_auroc,test_auprc,test_accuracy,test_balanced_accuracy,test_precision,test_recall,test_specificity,test_f1,test_tn,test_fp,test_fn,test_tp,valid_f1_threshold,valid_best_f1_at_threshold,valid_prob_col,test_prob_col
11,trial_011,False,valid_f1,valid_f1,128,3,4,0.3,0.1,16,0.0001,0.0001,50,10,0.63,0.8250910983862572,0.3717038530200619,0.7846153846153846,0.8011452368558043,0.358974358974359,0.8235294117647058,0.7787610619469026,0.5,88,25,3,14,0.63,0.7321112515802781,0.23061888708548844,0.6896551724137931,0.6396965865992414,0.23255813953488372,0.5714285714285714,0.7079646017699115,0.3305785123966942,160,66,15,20,0.63,0.5,EWAS_label_1_probability,EWAS_label_1_probability
25,trial_025,False,valid_f1,valid_f1,64,2,2,0.2,0.1,16,0.0001,0.0005,50,10,0.37,0.8120770432066632,0.3626286054713258,0.7923076923076923,0.7805830296720457,0.3611111111111111,0.7647058823529411,0.7964601769911505,0.49056603773584906,90,23,4,13,0.37,0.7232616940581542,0.22350412313256338,0.6781609195402298,0.6330594184576486,0.2247191011235955,0.5714285714285714,0.6946902654867256,0.3225806451612903,157,69,15,20,0.37,0.49056603773584906,EWAS_label_1_probability,EWAS_label_1_probability
30,trial_030,False,valid_f1,valid_f1,64,2,2,0.2,0.3,16,0.0001,1e-05,50,10,0.37,0.8120770432066632,0.3626286054713258,0.7923076923076923,0.7805830296720457,0.3611111111111111,0.7647058823529411,0.7964601769911505,0.49056603773584906,90,23,4,13,0.37,0.7238938053097346,0.2239467046832499,0.6819923371647509,0.6352718078381795,0.22727272727272727,0.5714285714285714,0.6991150442477876,0.3252032520325203,158,68,15,20,0.37,0.49056603773584906,EWAS_label_1_probability,EWAS_label_1_probability
31,trial_031,False,valid_f1,valid_f1,64,2,2,0.2,0.3,16,0.0001,0.0005,50,10,0.37,0.8120770432066632,0.3626286054713258,0.7923076923076923,0.7805830296720457,0.3611111111111111,0.7647058823529411,0.7964601769911505,0.49056603773584906,90,23,4,13,0.37,0.7238938053097346,0.2239467046832499,0.6819923371647509,0.6352718078381795,0.22727272727272727,0.5714285714285714,0.6991150442477876,0.3252032520325203,158,68,15,20,0.37,0.49056603773584906,EWAS_label_1_probability,EWAS_label_1_probability
33,trial_033,False,valid_f1,valid_f1,64,2,2,0.2,0.2,16,0.0001,0.0005,50,10,0.37,0.8120770432066632,0.3626286054713258,0.7923076923076923,0.7805830296720457,0.3611111111111111,0.7647058823529411,0.7964601769911505,0.49056603773584906,90,23,4,13,0.37,0.7236409608091025,0.2237199903328583,0.6819923371647509,0.6352718078381795,0.22727272727272727,0.5714285714285714,0.6991150442477876,0.3252032520325203,158,68,15,20,0.37,0.49056603773584906,EWAS_label_1_probability,EWAS_label_1_probability
8,trial_008,False,valid_f1,valid_f1,256,3,2,0.2,0.2,16,0.0005,0.0005,50,10,0.73,0.8110359187922956,0.38518442997409486,0.8076923076923077,0.7644456012493492,0.375,0.7058823529411765,0.8230088495575221,0.4897959183673469,93,20,5,12,0.73,0.7228824273072061,0.2562836864727527,0.7011494252873564,0.6221871049304677,0.22784810126582278,0.5142857142857142,0.7300884955752213,0.3157894736842105,165,61,17,18,0.73,0.4897959183673469,EWAS_label_1_probability,EWAS_label_1_probability
16,trial_016,False,valid_f1,valid_f1,64,2,2,0.25,0.1,16,0.0001,0.0001,50,10,0.39,0.8058302967204581,0.3567147050519931,0.8076923076923077,0.7644456012493492,0.375,0.7058823529411765,0.8230088495575221,0.4897959183673469,93,20,5,12,0.39,0.7209860935524652,0.21460637569308094,0.6819923371647509,0.6111251580278129,0.21428571428571427,0.5142857142857142,0.7079646017699115,0.3025210084033613,160,66,17,18,0.39,0.4897959183673469,EWAS_label_1_probability,EWAS_label_1_probability
19,trial_019,False,valid_f1,valid_f1,64,2,2,0.25,0.1,16,0.0005,0.0005,50,10,0.44,0.791254554919313,0.3412757577760624,0.8076923076923077,0.7644456012493492,0.375,0.7058823529411765,0.8230088495575221,0.4897959183673469,93,20,5,12,0.44,0.6991150442477876,0.20926907543429216,0.6743295019157088,0.5825537294563843,0.1951219512195122,0.45714285714285713,0.7079646017699115,0.27350427350427353,160,66,19,16,0.44,0.4897959183673469,EWAS_label_1_probability,EWAS_label_1_probability
24,trial_024,False,valid_f1,valid_f1,256,2,4,0.2,0.3,16,0.0005,0.0005,50,10,0.81,0.7980218636127017,0.3848738299295787,0.8846153846153846,0.6837584591358667,0.5833333333333334,0.4117647058823529,0.9557522123893806,0.4827586206896552,108,5,10,7,0.81,0.729582806573957,0.27112588074921184,0.8275862068965517,0.5744627054361567,0.3076923076923077,0.22857142857142856,0.9203539823008849,0.26229508196721313,208,18,27,8,0.81,0.4827586206896552,EWAS_label_1_probability,EWAS_label_1_probability
7,trial_007,False,valid_f1,valid_f1,64,3,4,0.2,0.3,16,0.0005,1e-05,50,10,0.47000000000000003,0.812597605413847,0.3930951794374387,0.8153846153846154,0.7438833940655909,0.3793103448275862,0.6470588235294118,0.8407079646017699,0.4782608695652174,95,18,6,11,0.47000000000000003,0.7064475347661189,0.23989204356367294,0.7394636015325671,0.6201643489254108,0.24615384615384617,0.45714285714285713,0.7831858407079646,0.32,177,49,19,16,0.47000000000000003,0.4782608695652174,EWAS_label_1_probability,EWAS_label_1_probability
5,trial_005,False,valid_f1,valid_f1,64,3,2,0.2,0.1,16,0.0005,0.0005,50,10,0.64,0.7704320666319625,0.2995841094109381,0.8153846153846154,0.7438833940655909,0.3793103448275862,0.6470588235294118,0.8407079646017699,0.4782608695652174,95,18,6,11,0.64,0.7439949431099874,0.27584819715755826,0.7509578544061303,0.6630214917825537,0.27941176470588236,0.5428571428571428,0.7831858407079646,0.36893203883495146,177,49,16,19,0.64,0.4782608695652174,EWAS_label_1_probability,EWAS_label_1_probability
6,trial_006,False,valid_f1,valid_f1,64,3,4,0.25,0.3,16,0.0005,0.0005,50,10,0.32,0.8157209786569495,0.40443020471663466,0.7461538461538462,0.8040083289953149,0.32608695652173914,0.8823529411764706,0.7256637168141593,0.47619047619047616,82,31,2,15,0.32,0.7146649810366624,0.24776764491793424,0.6934865900383141,0.6902022756005057,0.25806451612903225,0.6857142857142857,0.6946902654867256,0.375,157,69,11,24,0.32,0.47619047619047616,EWAS_label_1_probability,EWAS_label_1_probability
13,trial_013,False,valid_f1,valid_f1,128,2,4,0.3,0.2,16,0.0001,0.0001,50,10,0.33,0.816762103071317,0.33171046441873336,0.7615384615384615,0.7878709005726183,0.3333333333333333,0.8235294117647058,0.7522123893805309,0.4745762711864407,85,28,3,14,0.33,0.7242730720606827,0.24418557441587216,0.6743295019157088,0.6670670037926676,0.23958333333333334,0.6571428571428571,0.6769911504424779,0.3511450381679389,153,73,12,23,0.33,0.4745762711864407,EWAS_label_1_probability,EWAS_label_1_probability
21,trial_021,False,valid_f1,valid_f1,128,2,4,0.3,0.1,16,0.0001,1e-05,50,10,0.33,0.816762103071317,0.33171046441873336,0.7615384615384615,0.7878709005726183,0.3333333333333333,0.8235294117647058,0.7522123893805309,0.4745762711864407,85,28,3,14,0.33,0.7241466498103666,0.2441445235127523,0.6743295019157088,0.6670670037926676,0.23958333333333334,0.6571428571428571,0.6769911504424779,0.3511450381679389,153,73,12,23,0.33,0.4745762711864407,EWAS_label_1_probability,EWAS_label_1_probability
32,trial_032,False,valid_f1,valid_f1,64,3,4,0.25,0.1,16,0.0005,0.0001,50,10,0.38,0.8162415408641333,0.4050941130531773,0.7769230769230769,0.7717334721499218,0.34210526315789475,0.7647058823529411,0.7787610619469026,0.4727272727272727,88,25,4,13,0.38,0.7137800252844501,0.24694987493944406,0.7279693486590039,0.6980404551201012,0.2804878048780488,0.6571428571428571,0.7389380530973452,0.39316239316239315,167,59,12,23,0.38,0.4727272727272727,EWAS_label_1_probability,EWAS_label_1_probability
