trial_id,trial_name,failed,threshold_mode,early_stopping_metric,n_features,k,batch_size,lr,weight_decay,max_epochs,patience,best_epoch,best_monitor,valid_loss,test_loss,valid_f1_threshold,valid_best_f1_at_threshold,valid_threshold,valid_auroc,valid_auprc,valid_accuracy,valid_balanced_accuracy,valid_precision,valid_recall,valid_specificity,valid_f1,valid_tn,valid_fp,valid_fn,valid_tp,test_threshold,test_auroc,test_auprc,test_accuracy,test_balanced_accuracy,test_precision,test_recall,test_specificity,test_f1,test_tn,test_fp,test_fn,test_tp
7,trial_007,False,0.5,f1,242,16,16,0.0001,0.01,50,5,5,0.45,0.6363223127447641,0.7085001203748915,0.3,0.45454545454545453,0.5,0.8021863612701718,0.36600610430047303,0.8307692307692308,0.702758979698074,0.391304347826087,0.5294117647058824,0.8761061946902655,0.45,99,14,8,9,0.5,0.7413400758533502,0.24044740040759344,0.789272030651341,0.588558786346397,0.2619047619047619,0.3142857142857143,0.8628318584070797,0.2857142857142857,195,31,24,11
11,trial_011,False,0.5,f1,242,4,16,0.0005,0.001,50,5,5,0.43636363636363634,0.8146063215457476,1.0195667257825076,0.76,0.47619047619047616,0.5,0.8006246746486205,0.37193599093350277,0.7615384615384615,0.7378969286829776,0.3157894736842105,0.7058823529411765,0.7699115044247787,0.43636363636363634,87,26,5,12,0.5,0.7126422250316056,0.27603142778574496,0.7011494252873564,0.670480404551201,0.25287356321839083,0.6285714285714286,0.7123893805309734,0.36065573770491804,161,65,13,22
13,trial_013,False,0.5,f1,242,16,16,0.0005,0.001,50,5,4,0.3902439024390244,0.7184266154582684,0.7937905298567366,0.39,0.43636363636363634,0.5,0.7954190525767829,0.36595419617697295,0.8076923076923077,0.6644976574700676,0.3333333333333333,0.47058823529411764,0.8584070796460177,0.3902439024390244,97,16,9,8,0.5,0.7398230088495575,0.23511071826670743,0.7509578544061303,0.6388748419721871,0.265625,0.4857142857142857,0.7920353982300885,0.3434343434343434,179,47,18,17
0,trial_000,False,0.5,f1,242,16,32,0.0001,0.01,50,5,9,0.43478260869565216,0.6441826066145531,0.7606480191836412,0.51,0.4444444444444444,0.5,0.7933368037480479,0.3277384857089987,0.8,0.7100468505986466,0.3448275862068966,0.5882352941176471,0.831858407079646,0.43478260869565216,94,19,7,10,0.5,0.7216182048040455,0.2289819402934796,0.7394636015325671,0.6322376738305941,0.2537313432835821,0.4857142857142857,0.7787610619469026,0.3333333333333333,176,50,18,17
5,trial_005,False,0.5,f1,242,4,32,0.0005,0.001,50,5,8,0.47619047619047616,1.2532722269041607,1.183575753907591,0.49,0.47619047619047616,0.5,0.7922956793336804,0.3437267653847646,0.8307692307692308,0.7277459656428944,0.4,0.5882352941176471,0.8672566371681416,0.47619047619047616,98,15,7,10,0.5,0.7467762326169406,0.2971172058587765,0.7509578544061303,0.6750948166877371,0.2857142857142857,0.5714285714285714,0.7787610619469026,0.38095238095238093,176,50,15,20
36,trial_036,False,0.5,f1,242,16,32,0.0001,0.001,50,5,9,0.4,0.6585353812346092,0.763682971626406,0.39,0.42857142857142855,0.5,0.786569495054659,0.34289843544760684,0.7923076923076923,0.6806350858927641,0.32142857142857145,0.5294117647058824,0.831858407079646,0.4,94,19,8,9,0.5,0.7161820480404552,0.22680935572089145,0.7394636015325671,0.5839443742098609,0.22033898305084745,0.37142857142857144,0.7964601769911505,0.2765957446808511,180,46,22,13
25,trial_025,False,0.5,f1,242,16,16,0.0001,0.001,50,10,8,0.38095238095238093,0.7091586025861594,0.8215416136030036,0.39,0.41509433962264153,0.5,0.7855283706402915,0.3452565354190257,0.8,0.6600728787090058,0.32,0.47058823529411764,0.8495575221238938,0.38095238095238093,96,17,9,8,0.5,0.7008849557522123,0.23105112477255596,0.7318007662835249,0.579519595448799,0.21311475409836064,0.37142857142857144,0.7876106194690266,0.2708333333333333,178,48,22,13
19,trial_019,False,0.5,f1,242,4,32,0.0005,0.1,50,5,2,0.3684210526315789,0.6457750825927808,0.7688475005128831,0.39,0.4230769230769231,0.5,0.7855283706402915,0.3165262803432137,0.8153846153846154,0.6439354502863093,0.3333333333333333,0.4117647058823529,0.8761061946902655,0.3684210526315789,99,14,10,7,0.5,0.716182048040455,0.23921795344158797,0.7816091954022989,0.6082806573957016,0.2708333333333333,0.37142857142857144,0.8451327433628318,0.3132530120481928,191,35,22,13
28,trial_028,False,0.5,f1,242,8,16,0.0001,0.01,50,10,8,0.3902439024390244,0.7421445446518752,0.8395471339938284,0.53,0.41025641025641024,0.5,0.7818844351900052,0.34648361028512614,0.8076923076923077,0.6644976574700676,0.3333333333333333,0.47058823529411764,0.8584070796460177,0.3902439024390244,97,16,9,8,0.5,0.7165613147914033,0.23815218061822127,0.7816091954022989,0.6082806573957016,0.2708333333333333,0.37142857142857144,0.8451327433628318,0.3132530120481928,191,35,22,13
30,trial_030,False,0.5,f1,242,16,16,0.0005,0.1,50,10,2,0.4166666666666667,0.6554914864209982,0.7366375368216942,0.58,0.4827586206896552,0.5,0.7818844351900052,0.3090320713415429,0.676923076923077,0.7641853201457574,0.2727272727272727,0.8823529411764706,0.6460176991150443,0.4166666666666667,73,40,2,15,0.5,0.7098609355246523,0.22032057881050304,0.6398467432950191,0.6471554993678887,0.21904761904761905,0.6571428571428571,0.6371681415929203,0.32857142857142857,144,82,12,23
8,trial_008,False,0.5,f1,242,4,16,0.0005,0.1,50,10,7,0.47058823529411764,1.1774618820502207,1.1878542380257584,0.5,0.47058823529411764,0.5,0.7766788131181676,0.40845739981534035,0.8615384615384616,0.6954711087975013,0.47058823529411764,0.47058823529411764,0.9203539823008849,0.47058823529411764,104,9,9,8,0.5,0.7597977243994943,0.2954070733003061,0.7969348659003831,0.6412768647281921,0.3125,0.42857142857142855,0.8539823008849557,0.3614457831325301,193,33,20,15
34,trial_034,False,0.5,f1,242,16,32,0.0005,0.1,50,5,5,0.4,0.7673412549954194,0.8170120010430786,0.51,0.4166666666666667,0.5,0.7745965642894326,0.31166257644438067,0.7692307692307693,0.6923477355543988,0.30303030303030304,0.5882352941176471,0.7964601769911505,0.4,90,23,7,10,0.5,0.7448798988621997,0.24931416966169123,0.7203065134099617,0.645322376738306,0.25,0.5428571428571428,0.7477876106194691,0.34234234234234234,169,57,16,19
21,trial_021,False,0.5,f1,242,16,16,0.0005,0.0001,50,5,8,0.3870967741935484,1.466234507304258,1.4264228844522744,0.55,0.41379310344827586,0.5,0.7719937532535137,0.37316559092606716,0.8538461538461538,0.6410723581467985,0.42857142857142855,0.35294117647058826,0.9292035398230089,0.3870967741935484,105,8,11,6,0.5,0.7391908975979773,0.2928715092842913,0.8275862068965517,0.6469026548672566,0.3684210526315789,0.4,0.8938053097345132,0.3835616438356164,202,24,21,14
15,trial_015,False,0.5,f1,242,16,32,0.0005,0.0001,50,10,3,0.4,0.6227261756475155,0.7411507398917757,0.36,0.42857142857142855,0.5,0.7688703800104113,0.2841143220564917,0.7230769230769231,0.7157730348776679,0.27906976744186046,0.7058823529411765,0.7256637168141593,0.4,82,31,5,12,0.5,0.6924146649810367,0.21892501865684322,0.7049808429118773,0.6123261694058154,0.2236842105263158,0.4857142857142857,0.7389380530973452,0.3063063063063063,167,59,18,17
31,trial_031,False,0.5,f1,242,8,16,0.0005,0.1,50,10,5,0.3448275862068966,1.0962974019635183,1.1142731404281667,0.33,0.3888888888888889,0.5,0.7657470067673087,0.37942797493708913,0.8538461538461538,0.6160853722019781,0.4166666666666667,0.29411764705882354,0.9380530973451328,0.3448275862068966,106,7,12,5,0.5,0.7359039190897598,0.24832903106337473,0.8160919540229885,0.5678255372945639,0.27586206896551724,0.22857142857142856,0.9070796460176991,0.25,205,21,27,8
