trial_id,trial_name,failed,feature_set,n_estimators,max_depth,learning_rate,subsample,colsample_bytree,min_child_weight,reg_lambda,reg_alpha,scale_pos_weight,valid_threshold,valid_auroc,valid_auprc,valid_accuracy,valid_balanced_accuracy,valid_precision,valid_recall,valid_specificity,valid_f1,valid_tn,valid_fp,valid_fn,valid_tp,test_threshold,test_auroc,test_auprc,test_accuracy,test_balanced_accuracy,test_precision,test_recall,test_specificity,test_f1,test_tn,test_fp,test_fn,test_tp,num_features,scale_pos_weight_used
2,trial_002,False,all,200,2,0.01,0.8,0.8,1.0,5.0,0.0,sqrt,0.315,0.818844351900052,0.4442445593053236,0.8076923076923077,0.81441957313899,0.3888888888888889,0.8235294117647058,0.8053097345132744,0.5283018867924528,91,22,3,14,0.315,0.7878634639696587,0.2727968467489488,0.7509578544061303,0.6992414664981037,0.2972972972972973,0.6285714285714286,0.7699115044247787,0.4036697247706422,174,52,13,22,242,2.5414595006497
3,trial_003,False,all,200,2,0.01,0.8,0.8,1.0,5.0,0.5,sqrt,0.319,0.8157209786569495,0.431504371864287,0.8076923076923077,0.81441957313899,0.3888888888888889,0.8235294117647058,0.8053097345132744,0.5283018867924528,91,22,3,14,0.319,0.7882427307206068,0.2690062529519251,0.7701149425287356,0.7103034134007585,0.3188405797101449,0.6285714285714286,0.7920353982300885,0.4230769230769231,179,47,13,22,242,2.5414595006497
1,trial_001,False,all,200,2,0.01,0.8,0.8,1.0,1.0,0.5,sqrt,0.301,0.8120770432066632,0.4365917852892942,0.8076923076923077,0.81441957313899,0.3888888888888889,0.8235294117647058,0.8053097345132744,0.5283018867924528,91,22,3,14,0.301,0.7879898862199747,0.2722500793035615,0.7471264367816092,0.709102402022756,0.2987012987012987,0.6571428571428571,0.7610619469026548,0.4107142857142857,172,54,12,23,242,2.5414595006497
12,trial_012,False,all,200,2,0.01,0.8,1.0,3.0,1.0,0.0,sqrt,0.297,0.8105153565851119,0.4417946146593576,0.8076923076923077,0.81441957313899,0.3888888888888889,0.8235294117647058,0.8053097345132744,0.5283018867924528,91,22,3,14,0.297,0.7828065739570165,0.2679318564598838,0.735632183908046,0.7024652338811631,0.2875,0.6571428571428571,0.7477876106194691,0.4,169,57,12,23,242,2.5414595006497
5,trial_005,False,all,200,2,0.01,0.8,0.8,3.0,1.0,0.5,sqrt,0.306,0.8099947943779282,0.4258131244203433,0.8076923076923077,0.81441957313899,0.3888888888888889,0.8235294117647058,0.8053097345132744,0.5283018867924528,91,22,3,14,0.306,0.7867256637168142,0.2741619181069548,0.7471264367816092,0.6970290771175727,0.2933333333333333,0.6285714285714286,0.7654867256637168,0.4,173,53,13,22,242,2.5414595006497
11,trial_011,False,all,200,2,0.01,0.8,1.0,1.0,5.0,0.5,sqrt,0.314,0.8099947943779281,0.4283703579211083,0.8076923076923077,0.81441957313899,0.3888888888888889,0.8235294117647058,0.8053097345132744,0.5283018867924528,91,22,3,14,0.314,0.7834386852085966,0.2654363075197287,0.7701149425287356,0.7103034134007585,0.3188405797101449,0.6285714285714286,0.7920353982300885,0.4230769230769231,179,47,13,22,242,2.5414595006497
13,trial_013,False,all,200,2,0.01,0.8,1.0,3.0,1.0,0.5,sqrt,0.293,0.8089536699635607,0.4496782142790697,0.8076923076923077,0.81441957313899,0.3888888888888889,0.8235294117647058,0.8053097345132744,0.5283018867924528,91,22,3,14,0.293,0.7800252844500631,0.2619339347438676,0.7318007662835249,0.7002528445006322,0.2839506172839506,0.6571428571428571,0.7433628318584071,0.396551724137931,168,58,12,23,242,2.5414595006497
9,trial_009,False,all,200,2,0.01,0.8,1.0,1.0,1.0,0.5,sqrt,0.295,0.8089536699635606,0.4467711410468583,0.8076923076923077,0.81441957313899,0.3888888888888889,0.8235294117647058,0.8053097345132744,0.5283018867924528,91,22,3,14,0.295,0.7830594184576485,0.2687261851950261,0.735632183908046,0.7024652338811631,0.2875,0.6571428571428571,0.7477876106194691,0.4,169,57,12,23,242,2.5414595006497
4,trial_004,False,all,200,2,0.01,0.8,0.8,3.0,1.0,0.0,sqrt,0.301,0.8079125455491931,0.4558633965390015,0.8076923076923077,0.81441957313899,0.3888888888888889,0.8235294117647058,0.8053097345132744,0.5283018867924528,91,22,3,14,0.301,0.7848293299620733,0.2715918957393336,0.7471264367816092,0.709102402022756,0.2987012987012987,0.6571428571428571,0.7610619469026548,0.4107142857142857,172,54,12,23,242,2.5414595006497
10,trial_010,False,all,200,2,0.01,0.8,1.0,1.0,5.0,0.0,sqrt,0.308,0.8079125455491931,0.4398155630381488,0.8076923076923077,0.81441957313899,0.3888888888888889,0.8235294117647058,0.8053097345132744,0.5283018867924528,91,22,3,14,0.308,0.7864728192161821,0.2693163065684931,0.7547892720306514,0.7014538558786346,0.3013698630136986,0.6285714285714286,0.7743362831858407,0.4074074074074074,175,51,13,22,242,2.5414595006497
8,trial_008,False,all,200,2,0.01,0.8,1.0,1.0,1.0,0.0,sqrt,0.294,0.8063508589276419,0.4394691672031395,0.8076923076923077,0.81441957313899,0.3888888888888889,0.8235294117647058,0.8053097345132744,0.5283018867924528,91,22,3,14,0.294,0.7845764854614412,0.2706185850320407,0.7318007662835249,0.7002528445006322,0.2839506172839506,0.6571428571428571,0.7433628318584071,0.396551724137931,168,58,12,23,242,2.5414595006497
36,trial_036,False,all,200,2,0.001,0.8,0.8,3.0,1.0,0.0,sqrt,0.308,0.816762103071317,0.435187675041854,0.8,0.8099947943779282,0.3783783783783784,0.8235294117647058,0.7964601769911505,0.5185185185185185,90,23,3,14,0.308,0.7945638432364096,0.2909045920912063,0.7547892720306514,0.7376738305941846,0.3164556962025316,0.7142857142857143,0.7610619469026548,0.4385964912280701,172,54,10,25,242,2.5414595006497
32,trial_032,False,all,200,2,0.001,0.8,0.8,1.0,1.0,0.0,sqrt,0.308,0.8162415408641333,0.4345003966148651,0.8,0.8099947943779282,0.3783783783783784,0.8235294117647058,0.7964601769911505,0.5185185185185185,90,23,3,14,0.308,0.793173198482933,0.2901338095751858,0.7547892720306514,0.7256005056890013,0.3116883116883117,0.6857142857142857,0.7654867256637168,0.4285714285714285,173,53,11,24,242,2.5414595006497
6,trial_006,False,all,200,2,0.01,0.8,0.8,3.0,5.0,0.0,sqrt,0.299,0.8152004164497657,0.4407201865899784,0.8,0.8099947943779282,0.3783783783783784,0.8235294117647058,0.7964601769911505,0.5185185185185185,90,23,3,14,0.299,0.7869785082174463,0.2690730885945419,0.7471264367816092,0.709102402022756,0.2987012987012987,0.6571428571428571,0.7610619469026548,0.4107142857142857,172,54,12,23,242,2.5414595006497
7,trial_007,False,all,200,2,0.01,0.8,0.8,3.0,5.0,0.5,sqrt,0.299,0.8141592920353982,0.4330871549699997,0.8,0.8099947943779282,0.3783783783783784,0.8235294117647058,0.7964601769911505,0.5185185185185185,90,23,3,14,0.299,0.7872313527180783,0.2670642296208744,0.7509578544061303,0.7233881163084703,0.3076923076923077,0.6857142857142857,0.7610619469026548,0.4247787610619469,172,54,11,24,242,2.5414595006497
